PTM,seaweed
2154,Ulva intestinalis
2155,Ulva linza
2156,Ulva fenestrata
2157,Ulva intestinalis
2158,Ulva linza
2159,Ulva fenestrata
2160,Ulva intestinalis
2161,Ulva linza
2162,Ulva fenestrata
2163,Ulva intestinalis
2164,Ulva linza
2165,Ulva fenestrata
2444,Gracilaria sp
2445,Savoiea robusta
2446,Ulva intestinalis
2447,Polysiphonia sp
2448,Acrosiphonia arcta
2449,Ceramothamnion pacificum
2450,Grateloupia californica
2451,Callophyllis sp
2452,Odonthalia floccosa
2453,Campylaephora gardneri
2454,Polyneura latissima
2455,Mastocarpus sp
2456,Mastocarpus sp
2457,Gracilaria sp
2458,Fucus distichus
2459,Chondracanthus exasperatus
2460,Acrosiphonia coalita
2461,Euthora cristata
2462,Ulothrix speciosa
2463,Scagelia pylaisaei
2464,Pterothamnion pectinatum
2465,Neodilsea borealis
2466,Chondracanthus exasperatus
2467,Rhodoptilum plumosum
2468,Ulothrix palusalsa
2469,Odonthalia floccosa
2470,Pikea pinnata
2471,Prionitis sternbergii
2472,Cumathamnion decipiens
2473,Polyneura latissima
2474,Odonthalia floccosa
2475,Gracilaria sp
2476,Sparlingia pertusa
2477,Odonthalia floccosa
2478,Scytosiphon sp
2479,Wildemania sp
2480,Chondracanthus exasperatus
2481,Mazzaella splendens
2482,Desmarestia viridis
